id,buzzword_saturation_pred,vagueness_pred,grandiosity_pred,concrete_information_pred
CBS001,0.1,0.05,0.05,0.95
CBS002,0.1,0.4,0.1,0.6
CBS004,0.2,0.3,0.1,0.6
CBS005,0.1,0.2,0.3,0.8
CBS006,0.05,0.1,0.05,0.95
CBS007,0.3,0.1,0.2,0.9
CBS009,0.7,0.8,0.6,0.1
CBS010,0.1,0.1,0.1,0.9
CBS011,0.4,0.3,0.2,0.9
CBS013,0.1,0.2,0.1,0.9
CBS014,0.2,0.8,0.1,0.1
CBS016,0.1,0.1,0.2,0.9
CBS018,0.1,0.2,0.3,0.9
CBS020,0.1,0.3,0.2,0.8
CBS023,0.8,0.9,0.7,0.1
CBS025,0.2,0.3,0.4,0.8
CBS035,0.8,0.9,0.7,0.1
CBS038,0.2,0.8,0.1,0.3
CBS040,0.1,0.2,0.3,0.8
CBS046,0.1,0.15,0.2,0.9
CBS050,0.7,0.9,0.6,0.1
CBS055,0.1,0.1,0.2,0.9
CBS064,0.85,0.9,0.8,0.1
CBS073,0.1,0.7,0.1,0.3
CBS074,0.1,0.2,0.1,0.8
CBS078,0.1,0.2,0.1,0.8
CBS079,0.7,0.3,0.4,0.6
CBS082,0.7,0.9,0.8,0.1
CBS084,0.2,0.1,0.1,0.9
CBS088,0.1,0.1,0.1,0.9
CBS089,0.7,0.9,0.6,0.1
CBS094,0.1,0.2,0.05,0.8
CBS096,0.8,0.9,0.85,0.1
CBS100,0.2,0.7,0.1,0.2
CBS103,0.7,0.9,0.6,0.1
CBS110,0.1,0.3,0.05,0.7
CBS111,0.8,0.7,0.6,0.4
CBS114,0.9,0.95,0.85,0.1
CBS116,0.1,0.2,0.1,0.9
CBS120,0.1,0.3,0.1,0.4
CBS125,0.8,0.9,0.7,0.1
CBS128,0.8,0.9,0.7,0.1
CBS137,0.6,0.7,0.3,0.4
CBS138,0.9,0.9,0.8,0.1
CBS140,0.4,0.7,0.6,0.2
CBS142,0.8,0.7,0.9,0.3
CBS143,0.2,0.1,0.1,0.8
CBS144,0.1,0.2,0.3,0.9
CBS150,0.3,0.7,0.2,0.1
CBS151,0.1,0.7,0.1,0.3
CBS152,0.1,0.2,0.1,0.9
CBS159,0.8,0.9,0.7,0.1
CBS161,0.1,0.1,0.2,0.9
CBS163,0.2,0.7,0.3,0.1
CBS164,0.3,0.7,0.6,0.2
CBS166,0.1,0.2,0.1,0.8
CBS168,0.1,0.2,0.8,0.9
CBS169,0.1,0.3,0.2,0.8
CBS172,0.1,0.2,0.1,0.8
CBS173,0.4,0.6,0.2,0.7
CBS174,0.6,0.7,0.4,0.3
CBS175,0.2,0.3,0.4,0.7
CBS178,0.7,0.8,0.4,0.2
