id,synthetic_or_real,text,source_type,domain,archetype
CBS001,synthetic,"We shipped version 2.3 of our retrieval service today. It adds hybrid keyword and vector search, per-document access controls, and a dashboard for inspecting citations. In a 12-customer pilot, median answer latency fell from 4.1 to 2.7 seconds. The agentic experience still needs work, especially on scanned PDFs.

A closer look at the pilot matters. Most of the improvement came from caching repeated searches in the same workspace, while the hybrid index helped on product codes and acronyms. We measured latency from the first request byte to the final citation, excluding the time a user spent editing a question. Each customer supplied its own documents, so we are not presenting the figure as a universal benchmark. Next we will test whether admins can understand why a document was excluded from a result and whether the permission checks stay reliable under load.",linkedin_post,ai_tech,buzzwords_but_concrete
CBS002,synthetic,Good teams make room for different perspectives. We spent this week listening to colleagues in support and operations. Their feedback is shaping our next planning session.,linkedin_post,software,vague_but_not_grandiose
CBS003,synthetic,"Our business accounts can now receive local payments in three additional currencies: PLN, SEK, and DKK. Existing customers do not need to change their account settings. The feature is rolling out in stages through Friday; incoming payments remain subject to the same screening and daily limits published in our help center.",linkedin_post,finance,highly_concrete
CBS004,synthetic,"Transformation rarely fails because the strategy deck lacks ambition. It fails in the handoff between decisions and routines. In a recent workshop, we asked managers to name one approval they could remove this month. The answers were more useful than another discussion about becoming future ready. Where does work wait in your organization?",linkedin_post,consulting,consulting_thought_leadership
CBS005,synthetic,"If we can make heat pumps easy to install in old apartment buildings, we can change how an entire generation thinks about winter. Our first installation took six days. The second took four. It is early, but the pattern is encouraging enough that we are opening a third pilot site this autumn.",linkedin_post,energy,grandiose_without_buzzwords
CBS006,synthetic,"Our outpatient clinic in Leeds will extend its Thursday opening hours to 8 p.m. starting next month. The change follows six weeks of appointment data showing a consistent evening waitlist. Existing bookings are unaffected, and patients can select the new slots through the usual booking page from Monday.",linkedin_post,healthcare,neutral_business_update
CBS007,synthetic,"Digital transformation becomes real on the factory floor. Our new inspection station combines machine vision, an edge inference model, and a manual review lane. In the first eight weeks, it flagged 312 parts; technicians confirmed 289 defects. We are publishing the false positive rate alongside throughput so teams can judge the system fairly.",linkedin_post,manufacturing,buzzwords_but_concrete
CBS008,synthetic,"We love a launch with an actual before and after. Our refill packs use 31% less cardboard by weight than the previous box, based on the same 500 ml product. They are available in 84 stores today. We are still testing whether shoppers find the new instructions clear, so please tell us where the design falls short.",linkedin_post,retail,marketing_but_substantive
CBS009,synthetic,"Across the supply chain, connection matters more than ever. Our teams continue to collaborate across borders and functions to unlock meaningful progress for customers. We are proud of the momentum we are building and excited about the opportunities ahead as we rethink what responsive logistics can look like.",linkedin_post,logistics,vague_corporate_speak
CBS010,synthetic,"We changed our hiring process for engineering roles. Candidates now receive the salary range and interview stages before the first call, and the take-home exercise has a two-hour cap. In the first month, 43 candidates completed interviews; we will review dropout rates at the end of the quarter.",linkedin_post,hr_leadership,highly_concrete
CBS011,synthetic,"The enterprise intelligence layer is entering a new phase. Our orchestration fabric connects proprietary knowledge, real-time signals, and autonomous workflows into one adaptive operating model. Three pilot customers are using it for internal ticket triage. It is an early deployment, but it points toward a more connected way to run the business. We use the word orchestration deliberately, but it should not obscure what the system does today. It reads a ticket, checks a small knowledge base, proposes a category, and asks a support agent to approve the route. It does not reply to customers or update billing records. During onboarding, one pilot team found that its internal article titles were too similar for reliable retrieval. We paused that workflow and helped rewrite the articles. A useful pilot should reveal those rough edges before anyone expands the system. One customer also asked us to count suggested routes as completed work. We declined because agents had to correct several of those suggestions. We now record suggestions, approvals, and corrections separately. This makes our early numbers less impressive, but it gives the support leads a usable measure. The next release will allow teams to compare those figures by ticket category without exporting a spreadsheet. If you are testing similar workflows, what would you measure first?",linkedin_post,ai_tech,extreme_buzzword_bingo
CBS012,synthetic,"Today we added audit logs for workspace role changes. Each entry includes the actor, previous role, new role, and timestamp, and can be exported as JSON for up to 90 days. We built this after administrators told us they needed a faster way to investigate accidental permission changes.",linkedin_post,software,technical_product_update
CBS013,synthetic,We are testing a faster way to review repeat loan applications. Some decisions take under a minute; unusual cases still go to a human.,linkedin_post,finance,grandiose_claim
CBS014,synthetic,"Leadership is a practice of listening, learning, and showing up consistently. The most useful conversations are often the ones that challenge our assumptions. We are taking those lessons into our next phase of work and staying open to what our clients and colleagues tell us along the way.",linkedin_post,consulting,vague_but_not_grandiose
CBS015,synthetic,"The 18 MW battery at our North Quay site completed its first full week of operation. It charged during low-demand hours and discharged during the evening peak on five of seven days. We will publish utilization and availability data after the first 90 days, once commissioning adjustments are complete.",linkedin_post,energy,highly_concrete
CBS016,synthetic,"Our appointment reminder service now supports two-way replies. Patients can confirm, reschedule, or request a call without opening an app. In a three-clinic pilot, missed appointments declined from 11% to 8% over eight weeks. We cannot attribute the entire change to reminders, but the feedback has helped us improve the flow.",linkedin_post,healthcare,marketing_but_substantive
CBS017,synthetic,"We completed the planned maintenance of Line 4 this weekend. The team replaced two conveyor motors, recalibrated the weighing station, and ran the usual safety checks before restarting production Monday morning. Orders scheduled for this week remain on track; customer service has the revised dispatch timetable.",linkedin_post,manufacturing,neutral_business_update
CBS018,synthetic,"A good checkout should feel invisible. We believe small changes at the register could save people hours across a year of everyday shopping. Our first trial removes one confirmation screen and keeps paper receipts optional. It saved an average of nine seconds per transaction across 2,400 test purchases.",linkedin_post,retail,grandiose_without_buzzwords
CBS019,synthetic,"Our Rotterdam service desk is adding weekend coverage for refrigerated cargo. Starting October 5, customers can reach a specialist from 8 a.m. to 4 p.m. on Saturdays. The team will monitor temperature alerts and coordinate exceptions; routine booking changes will continue through the existing weekday channel.",linkedin_post,logistics,linkedin_company_update
CBS020,synthetic,"Culture becomes visible in the moments when nobody has a script. When a customer issue escalated last week, the best idea came from a colleague in her second week. We are changing our incident reviews so the person closest to the problem speaks first, whatever their title.",linkedin_post,hr_leadership,executive_vision_post
CBS021,synthetic,"I think every small charity will eventually have an analyst on demand. We built a first version that reads donation reports and answers questions with links to the source rows. It currently handles CSV files under 20 MB. The longer-term goal is to give tiny teams the same analytical reach as much larger organizations. The grant-reporting use case is only a starting point. Volunteers now copy monthly donation exports into separate spreadsheets and reconcile categories by hand. We are interviewing teams with different accounting setups before trying to automate that reconciliation. A charity that cannot verify where an answer came from should not have to trust an opaque summary. We will measure whether the tool reduces preparation time and whether the final report still matches the underlying ledger. If it does not, we will keep the human process and rethink the product.",linkedin_post,ai_tech,grandiose_without_buzzwords
CBS022,synthetic,"Our new composable workspace gives teams a single pane of glass for project signals. Behind the language: it combines GitHub issues, support tickets, and release notes in one timeline. Beta users can filter by customer or deployment. We are keeping write access off until permission reviews are complete. For administrators, the practical change is that support context appears beside a release event, so an incident can be traced to the configuration that shipped. During the beta, two teams told us the timeline was useful but too noisy when automated dependency updates landed. We added a filter for those events and kept it off by default. The current integration reads metadata only; it cannot merge code or close customer tickets. That boundary is important while we work through our permission model with design partners.",linkedin_post,software,buzzwords_but_concrete
CBS023,synthetic,"The financial landscape continues to evolve, and our commitment to empowering customers has never been stronger. By bringing together expertise, collaboration, and a shared sense of purpose, we are positioned to deliver meaningful solutions at pace. Thank you to the teams making progress possible every day.",linkedin_post,finance,vague_corporate_speak
CBS024,synthetic,"A transformation program needs more than a fresh vocabulary. For a regional insurer, we mapped 46 approval steps and removed 11 that had no documented control purpose. Processing time for routine claims fell by 1.8 days in the pilot. The design is specific to that client, but the method is worth discussing.",linkedin_post,consulting,marketing_but_substantive
CBS025,synthetic,"Our ambition is to make electricity from neighborhood roofs as easy to share as a document. The pilot now includes 72 homes and one community center. Billing still requires manual reconciliation once a month, which is exactly the constraint our next release has to solve before we expand.",linkedin_post,energy,visionary_startup_claim
CBS026,synthetic,Our patient forum brought clinicians and community groups together this week. We heard useful questions and will publish agreed actions after the planning meeting.,linkedin_post,healthcare,vague_but_not_grandiose
CBS027,synthetic,"We are introducing a modular mounting bracket for our packaging line. Maintenance teams can swap a damaged unit without removing the adjacent sensor assembly. During an internal trial, the median replacement time fell from 46 minutes to 19. Orders open in November after the last corrosion test is complete.",linkedin_post,manufacturing,linkedin_product_launch
CBS028,synthetic,"Personalization at scale is a phrase we hear a lot. Our loyalty app now lets customers hide categories they do not want recommended, and every suggestion includes a simple reason. We tested the change with 8,000 opted-in users; 14% adjusted at least one preference in the first week.",linkedin_post,retail,buzzwords_but_concrete
CBS029,synthetic,"We are building a network where a delayed container never becomes a surprise. Our prediction service currently covers 12 ports and sends a notification when vessel arrival estimates move by more than six hours. It is far from universal coverage, but early customers are already changing staffing plans sooner.",linkedin_post,logistics,grandiose_claim
CBS030,synthetic,"The future of work is often discussed as a tooling question. I see a decision-making question. If every proposal needs four approvals, faster drafts only create a longer queue. Try tracking the time between a recommendation and a decision for one month; that number tells you more than a productivity survey.",linkedin_post,hr_leadership,consulting_thought_leadership
CBS031,synthetic,"Version 0.8 of our document assistant now shows the exact paragraph used for each answer. Users can expand the retrieval panel and report a mismatched citation. We tested it on 600 internal policy questions and found 47 cases where the quoted passage did not support the answer; those cases remain blocked.

The review panel is intentionally uncomfortable: it shows cases where the model found a relevant paragraph but made a claim the paragraph did not justify. Our evaluators marked those failures separately from retrieval misses, and two reviewers independently assessed a random subset. We still have disagreements over questions that ask for an implied policy exception. Until the policy owner resolves those cases, the assistant responds that it cannot confirm the answer. We are sharing this because citation visibility alone can create a false impression of reliability.",linkedin_post,ai_tech,technical_product_update
CBS032,synthetic,"Every company will eventually build software the way it writes a memo: describe the need and review the result. We are nowhere near that end state. Today we launched a limited form builder that turns a short description into a draft workflow, then requires an engineer to approve permissions and data fields.",linkedin_post,software,grandiose_claim
CBS033,synthetic,We will pause new applications for our fixed-rate savings account at 5 p.m. on Wednesday while we update the rate table. Existing account balances and standing orders are unaffected. The revised terms will be posted on the product page before applications reopen on Thursday morning.,linkedin_post,finance,neutral_business_update
CBS034,synthetic,"Resilience is not a slide title. In our latest supply-chain engagement, the client identified 19 single-source components, qualified two replacement suppliers, and changed reorder points for seven items. The operating model is still evolving, but these measurable moves make the resilience conversation more useful.",linkedin_post,consulting,buzzwords_but_concrete
CBS035,synthetic,"Together, we can accelerate a more sustainable tomorrow. This month our people came together to explore fresh perspectives and reimagine how energy can serve communities. We left inspired by the possibilities and committed to making a positive impact through partnership, creativity, and continuous improvement.",linkedin_post,energy,vague_corporate_speak
CBS036,synthetic,"Our remote monitoring pilot enrolled 120 adults with hypertension. Participants submit a reading twice a week; a nurse reviews readings outside the agreed range within one business day. The pilot ends in December, and our evaluation will include adherence, escalation volume, and patient experience, not just device usage.",linkedin_post,healthcare,highly_concrete
CBS037,synthetic,"Factories should be able to explain themselves. We have added a plain-language fault history to three assembly lines so technicians can see what changed before a stoppage. It reduced time spent finding the right log during two recent incidents, but we need a full quarter before claiming a measurable maintenance benefit.",linkedin_post,manufacturing,grandiose_without_buzzwords
CBS038,synthetic,"A better shopping experience begins with attention to the details customers notice. We have been listening closely, adjusting where we can, and asking teams across our stores to share what they learn. The response has been encouraging. More improvements are planned, and we will keep the conversation going.",linkedin_post,retail,vague_but_not_grandiose
CBS039,synthetic,Speed matters when inventory is perishable. Our new overnight route between Lyon and Rotterdam has two temperature checkpoints and a scheduled arrival before 7 a.m. The first 30 shipments arrived within the agreed window. We will publish the on-time figure after the route has run for a full quarter.,linkedin_post,logistics,marketing_but_substantive
CBS040,synthetic,I believe transparent pay could change the balance of power in hiring. Our company is starting with a modest step: every advertised position will list a salary band and the criteria for placement within it. We will review whether it changes application patterns rather than assume the policy alone solves inequity.,linkedin_post,hr_leadership,grandiose_claim
CBS041,synthetic,"A single engineer should be able to audit an AI agent's decisions without reading thousands of logs. Today our team is releasing a timeline view that shows tool calls, retrieved passages, and human approvals in one place. It supports two model providers at launch. The larger vision is inspectable automation in every enterprise workflow. The timeline is intentionally read-only in this release. Engineers can expand an event to see the input passed to a tool, the result returned, and the exact approval step. Sensitive fields are masked before an event is saved. Our early testers found two problems: long traces were hard to scan and a missing tool result looked like a successful step. We now show a gap indicator and let reviewers filter to decisions with missing evidence. It is a small improvement, but it matters if a reviewer has to explain an outcome after an incident.",linkedin_post,ai_tech,visionary_startup_claim
CBS042,synthetic,"Behind every release is a lot of quiet teamwork. We spent the last sprint refining how teams share feedback and document decisions. There is no dramatic launch to announce today, just steady progress and a few lessons we are carrying into the next cycle. Thanks to our customers for the candid conversations.",linkedin_post,software,vague_but_not_grandiose
CBS043,synthetic,"Our unified finance hub now surfaces real-time cash visibility across six connected bank accounts. Transactions refresh every 15 minutes when the bank API is available, and missing feeds display a warning instead of an estimated balance. This is the first step toward a more adaptive finance stack for smaller teams.",linkedin_post,finance,buzzwords_but_concrete
CBS044,synthetic,"The firms that learn fastest may outlast the firms that spend most. We worked with a distributor that moved its weekly pricing review from a 40-slide meeting to a two-page decision note. After eight weeks, managers had shortened the approval cycle by three days. The result is promising, though it is only one case.",linkedin_post,consulting,grandiose_without_buzzwords
CBS045,synthetic,"Our rooftop solar offer now includes an estimate showing equipment cost, projected annual generation, and the assumptions behind payback. A home with heavy evening use may see a different return from a home occupied during the day. We would rather show that difference up front than advertise a single headline saving.",linkedin_post,energy,marketing_but_substantive
CBS046,synthetic,"What if a medical receptionist could spend most of the day helping patients rather than retyping forms? Our intake assistant transfers patient-supplied information into a draft record and flags missing fields. Staff still verify every entry. Three clinics are testing it, and we will measure correction rates before making any efficiency claim.",linkedin_post,healthcare,grandiose_claim
CBS047,synthetic,"Our next-generation industrial intelligence ecosystem connects edge AI, digital twins, and predictive orchestration across the value chain. The initial deployment is narrower than the vision: two packaging lines receive alerts when vibration readings exceed a defined threshold. We will share downtime data once the maintenance team has completed its review.",linkedin_post,manufacturing,extreme_buzzword_bingo
CBS048,synthetic,The Riverside shop will close at 6 p.m. on Tuesdays from next week. Saturday hours and collection bookings remain unchanged.,linkedin_post,retail,neutral_business_update
CBS049,synthetic,"We are adding a digital control tower for temperature-sensitive shipments, starting with a simple capability: alerts when a sensor reads outside the agreed range for five consecutive minutes. Customers can view the raw readings and escalation history. The first 400 shipments are a pilot, not a claim of end-to-end supply chain autonomy.",linkedin_post,logistics,buzzwords_but_concrete
CBS050,synthetic,"Great leadership starts with people. We are creating space for meaningful dialogue, empowering colleagues to bring their whole selves to work, and building a culture where everyone can thrive. As we enter the next chapter, we remain focused on learning, collaboration, and the shared journey ahead.",linkedin_post,hr_leadership,vague_corporate_speak
CBS051,synthetic,"Our new speech model can transcribe calls in noisy warehouse settings. In a test of 70 consented recordings, word error rate dropped from 19% to 14% compared with our previous model. The result may not generalize to every accent or microphone. A public evaluation set is on our roadmap. The evaluation included background forklifts, radio chatter, and several microphone positions. Reviewers checked the reference transcript without seeing which model produced each hypothesis. Some recordings included company names absent from the training set, and that remains a recurring source of errors. The prototype does not identify speakers reliably, so we are not using it to produce formal meeting records. We plan to add a speaker-separation baseline and publish the noisy subset separately. Until then, any claim about better transcription applies only to this narrow sample of calls.",linkedin_post,ai_tech,marketing_but_substantive
CBS052,synthetic,"A small release with a big impact for support teams: you can now assign a ticket to a rotation rather than a named person. We also added a visible handoff history and an override for urgent cases. The feature is available on Standard plans today, with API support arriving next month.",linkedin_post,software,linkedin_product_launch
CBS053,synthetic,"We started this company because international invoices should not take longer to settle than domestic ones. Our first live corridor connects UK and Dutch business accounts, with same-day processing for eligible payments submitted before 2 p.m. We have much more to build before that promise works everywhere.",linkedin_post,finance,visionary_startup_claim
CBS054,synthetic,"We asked 63 store managers where the returns process slows down. The top issue was waiting for a second approval on low-value items, so the retailer raised the approval threshold for a four-week trial. Average handling time fell from 12 to nine minutes, with exception rates monitored daily.",linkedin_post,consulting,highly_concrete
CBS055,synthetic,"Climate targets become credible when they change capital decisions. This year we deferred a gas boiler replacement at one of our sites and funded a heat-recovery system instead. It cost more up front. We will report actual fuel use after the first winter, including whether our payback estimate held up.",linkedin_post,energy,executive_vision_post
CBS056,synthetic,Connected care needs better plumbing. Our interoperability pilot sends discharge summaries from one hospital system to three participating GP practices using the existing standard message format. The team reviewed 500 records and found 22 missing medication fields. We are fixing that mapping before enrolling further sites.,linkedin_post,healthcare,buzzwords_but_concrete
CBS057,synthetic,"Manufacturing improvement happens through persistence. We have spent the past months talking with operators, comparing notes between shifts, and testing a few adjustments. The work is ongoing. We are thankful for the people who keep raising concerns and making the process a little more reliable.",linkedin_post,manufacturing,vague_but_not_grandiose
CBS058,synthetic,"I want every customer to know where the price of a product goes. We are starting by showing the main cost components for five household items, including materials, freight, and the store margin. It is a small and imperfect window into a complicated chain, but transparency has to start somewhere.",linkedin_post,retail,grandiose_without_buzzwords
CBS059,synthetic,"Our tracking API now returns a reason code when an estimated arrival time changes. The first four codes cover weather, port congestion, missed connection, and carrier schedule updates. Older integrations will continue to receive the existing timestamp field; no migration is required for customers who do not need the new detail.",linkedin_post,logistics,technical_product_update
CBS060,synthetic,"Our manager training program is not a collection of inspirational talks. It consists of four 90-minute sessions on feedback, workload planning, difficult conversations, and decision rights. Fifty-two managers completed the pilot. We will compare team survey responses after six months before deciding whether to expand it.",linkedin_post,hr_leadership,marketing_but_substantive
CBS061,synthetic,"The next wave of intelligence is already reshaping the enterprise. We are partnering with forward-thinking organizations to unlock possibility at the intersection of people, platforms, and purpose. It is an exciting moment for our ecosystem, and we are committed to driving impact together as the journey continues.",linkedin_post,ai_tech,vague_corporate_speak
CBS062,synthetic,"We fixed a pagination bug that could skip older invoices when an account had more than 1,000 records. The change is live for all customers, and affected exports can be rerun from the billing page. We found no evidence of missing charges; the issue affected only the order in which records appeared.",linkedin_post,software,highly_concrete
CBS063,synthetic,"Our new payment dashboard shows which invoices have been opened, paid, or disputed. The information updates when the payment provider sends an event, usually within a minute. In a 20-business trial, owners said the status view reduced follow-up emails, but we have not measured a change in payment time yet.",linkedin_post,finance,marketing_but_substantive
CBS064,synthetic,"In a world of constant disruption, organizations need the courage to reimagine what is possible. We help leaders navigate complexity, align stakeholders, and accelerate sustainable value creation. The opportunities are immense for those willing to embrace change with curiosity, collaboration, and a clear sense of purpose.",linkedin_post,consulting,vague_corporate_speak
CBS065,synthetic,Our founder believes a city can run its night buses on power stored in retired vehicle batteries. Today we can only point to a pilot at one depot: 180 kWh of storage shifted a portion of charging away from the evening peak. The next question is how long the reused modules last.,linkedin_post,energy,grandiose_claim
CBS066,synthetic,The lab will move Friday courier collection to 3:30 p.m. from next month. Other weekday cutoffs remain the same.,linkedin_post,healthcare,neutral_business_update
CBS067,synthetic,"We call it a digital thread, but the benefit is simple: a technician can trace a finished valve to its batch, calibration record, and final inspection. The new view covers products made on two lines since March. Historical records are being backfilled, and gaps are clearly marked rather than guessed.",linkedin_post,manufacturing,buzzwords_but_concrete
CBS068,synthetic,The next stage of retail will be shaped by trust in the smallest moments. A customer told us our online stock indicator sent her to a store with an empty shelf. We are testing a thirty-minute inventory refresh in ten locations and will publish the mismatch rate before expanding it.,linkedin_post,retail,executive_vision_post
CBS069,synthetic,We added an extra weekly rail departure between Antwerp and Prague. The service leaves Wednesdays at 21:00 and accepts standard containers booked by noon the same day. Customers can view the first six-week timetable online; hazardous cargo remains excluded while terminal handling procedures are reviewed.,linkedin_post,logistics,highly_concrete
CBS070,synthetic,"No one should have to choose between a career and caring for a parent. We have changed our leave policy to include ten paid care days per year for employees in all our offices. It will not solve every scheduling problem, but we hope it makes one difficult part of life easier.",linkedin_post,hr_leadership,grandiose_without_buzzwords
CBS071,synthetic,"Today we are launching an agentic research workspace with cross-modal retrieval and enterprise guardrails. In practical terms, it searches PDF text and spreadsheet tables, then shows the cells or passages behind an answer. The beta supports English only and limits uploads to 50 files per workspace.",linkedin_post,ai_tech,buzzwords_but_concrete
CBS072,synthetic,"Software documentation should answer the question you actually have, at the moment you ask it. We added contextual help to three settings pages this morning. In usability sessions, six of eight testers completed the permission task without opening a support ticket. The broader idea will need many more tests.",linkedin_post,software,grandiose_without_buzzwords
CBS073,synthetic,Our team met with customers this month to hear how they manage cash flow in uncertain times. Those conversations gave us several useful ideas and reinforced the value of clear information. We are still prioritizing the work and will share what we decide to build after the next planning cycle.,linkedin_post,finance,vague_but_not_grandiose
CBS074,synthetic,"A business plan should update when the business changes. We are prototyping a planning tool that links assumptions to live operational data, starting with weekly sales and staffing costs. Ten small firms have joined a design program. If the approach works, quarterly plans may become something teams actually use every week.",linkedin_post,consulting,visionary_startup_claim
CBS075,synthetic,"Our community solar project reached 400 subscriptions this week. Construction of the 2.6 MW site is scheduled for November, pending the last grid approval. Members will receive a quarterly generation statement once it is operating. We are excited about the milestone and careful about describing projected savings as actual savings.",linkedin_post,energy,marketing_but_substantive
CBS076,synthetic,"One missed handoff can change a patient's day. Our first release gives ward nurses a shared checklist for discharge tasks and highlights items still awaiting a signature. It is live in one department, with a second ward scheduled after training. We hope it makes an ordinary, stressful transition simpler. In the site walkthrough, we watched nurses repeat the same information across three screens because the systems did not share a discharge status. The checklist removes one duplicate entry but does not replace clinical judgment or the formal discharge note. Staff can see when a task is pending, complete, or assigned elsewhere. We are collecting comments during each shift, including cases where the checklist adds another step. If the burden moves from one team to another, the design has failed even if the completion chart looks better.",linkedin_post,healthcare,grandiose_without_buzzwords
CBS077,synthetic,"The new press line completed 1,870 cycles during its commissioning test. Operators logged 23 stoppages, mostly caused by a misaligned feeder. We adjusted the guide rails on Tuesday and will repeat the test next week. Production dates will stay provisional until the equipment passes the acceptance criteria.",linkedin_post,manufacturing,highly_concrete
CBS078,synthetic,"Retail leaders often say shoppers want an experience. In interviews at 14 stores, customers mostly asked for accurate stock information and a quick way to find staff. We are prioritizing those two basics before redesigning the store app. Better service can start with fewer promises and clearer signs.",linkedin_post,retail,consulting_thought_leadership
CBS079,synthetic,"Our connected freight ecosystem blends predictive analytics, real-time visibility, and dynamic orchestration into one customer-centric control plane. The first release is more specific: it sends an alert when a shipment misses a planned rail connection and suggests the next scheduled departure. Humans still confirm every rebooking.",linkedin_post,logistics,extreme_buzzword_bingo
CBS080,synthetic,"The mentoring program opens Monday. It offers three voluntary tracks, with matches made in October and a six-month participation period.",linkedin_post,hr_leadership,neutral_business_update
CBS081,synthetic,"We are publishing evaluation results for our customer-service assistant. It answered 78% of 1,200 held-out questions with a relevant cited passage, up from 69% in the previous build. We excluded questions containing personal data from this test, so the number should not be read as a production success rate. We sampled cases from several customer teams and kept a separate set for questions the model should decline. Some citations pointed to the right document but the wrong passage, so our evaluation counts those as failures. The assistant also performed worse on questions that required comparing two policies. We are working with reviewers to publish a clearer breakdown by question type. It will be more useful than one aggregate figure, especially for teams deciding where a human should remain in the loop.",linkedin_post,ai_tech,marketing_but_substantive
CBS082,synthetic,"This week marks another milestone in our journey to empower modern teams. We are bringing fresh energy to the platform and creating new opportunities for seamless collaboration. Our people have worked with passion and purpose to make this possible, and we cannot wait to see what customers achieve next.",linkedin_post,software,vague_corporate_speak
CBS083,synthetic,Small businesses deserve the same view of their money as a multinational treasury team. We now show predicted tax obligations next to invoices for 200 beta customers. It is an estimate and cannot replace an accountant; every assumption is visible. We want to make uncertainty manageable before it becomes a surprise.,linkedin_post,finance,grandiose_without_buzzwords
CBS084,synthetic,"We challenged a client to replace the phrase end-to-end transformation with a list of decisions. The resulting plan names four owners, a twelve-week timeline, and a weekly measure for customer wait time. The deck still uses some familiar jargon, but the team can now tell whether the work is progressing.",linkedin_post,consulting,buzzwords_but_concrete
CBS085,synthetic,The energy transition is a long project built from many practical steps. We met with local partners this week to hear their concerns and exchange ideas about the next phase. We came away with useful questions and a clearer sense of where more analysis is needed before any decision is made.,linkedin_post,energy,vague_but_not_grandiose
CBS086,synthetic,We added a medication-reconciliation prompt to the discharge workflow. It appears only when the medication list changed after admission and requires a clinician to review the differences. The release also logs who confirmed the list. Two hospitals are testing it before the setting is offered more widely.,linkedin_post,healthcare,technical_product_update
CBS087,synthetic,"Our ambition is a production line that notices a fault before the operator does. For now, our model detects abnormal vibration on one motor type with 82% recall in a retrospective test. We are installing it on three machines for a monitored trial and will report false alarms as well as any prevented failures. We set the sampling interval at one minute and retained raw values for technicians to inspect. The model was trained on last year’s maintenance records, so it might miss faults that were not present in that period. Alerts will appear in a separate review queue during the trial, without stopping the line automatically. The maintenance lead can mark an alert useful, misleading, or impossible to verify. After eight weeks, we will compare those judgments with downtime and inspection notes before deciding whether to integrate alerts into the control system.",linkedin_post,manufacturing,grandiose_claim
CBS088,synthetic,"Our data-driven loyalty experience now includes a simple control: customers can turn off personalized offers without losing points. The change required updates to the app, email preferences, and store checkout system. We measured a 0.6% increase in opt-outs in the first week and will keep monitoring complaints.",linkedin_post,retail,buzzwords_but_concrete
CBS089,synthetic,"Every delivery is part of a bigger story. Through shared ambition and a relentless focus on excellence, our teams are building a more agile network for the future. We are proud to partner with customers who see opportunity in change and to move forward together, one connection at a time.",linkedin_post,logistics,vague_corporate_speak
CBS090,synthetic,"We published the results of our internal mobility pilot. Of 86 employees who applied for an internal role, 22 moved teams and 31 received a development plan within six weeks. We also learned that managers often heard about applications too late, so the notification process is changing next quarter.",linkedin_post,hr_leadership,highly_concrete
CBS091,synthetic,"Our CEO expects autonomous research assistants to compress months of market analysis into days. The current system generates a draft competitor map from public pages and links each claim to a source. Two analysts review every output. We have saved time collecting material, but the quality of strategic conclusions is still being evaluated.",linkedin_post,ai_tech,grandiose_claim
CBS092,synthetic,"A cleaner deploy screen is live today. Teams can compare the current configuration with the proposed release, spot changed environment variables, and require a second approval for production. Ten design partners used it in preview. We are measuring whether it reduces rollback time rather than claiming it eliminates release risk.",linkedin_post,software,marketing_but_substantive
CBS093,synthetic,"We expanded same-day settlement to merchants in Ireland. Eligible transactions submitted before 11 a.m. local time can settle by the end of the business day; banks may apply their own cutoffs. The dashboard shows eligibility before a merchant confirms the request, and fees are displayed separately.",linkedin_post,finance,highly_concrete
CBS094,synthetic,"Good advice should leave a team able to work without the adviser. We are changing our client engagements so that each pilot includes a documented handover and a teach-back session. In one project, the operations team ran its own second experiment within three weeks. That is the outcome I want to see more often.",linkedin_post,consulting,grandiose_without_buzzwords
CBS095,synthetic,"The turbine at Hillcrest stopped briefly on Tuesday after a sensor reported an abnormal bearing temperature. Technicians inspected the unit and found a faulty sensor cable. The turbine returned to service at 16:40. No component replacement was needed, and we are checking the remaining cables in the same batch.",linkedin_post,energy,neutral_business_update
CBS096,synthetic,"We are reimagining care around people, not processes. By connecting insights, expertise, and purpose, our teams are creating a more responsive ecosystem for patients and clinicians alike. This is a shared journey, and we are energized by the opportunity to transform experiences across the entire care pathway.",linkedin_post,healthcare,vague_corporate_speak
CBS097,synthetic,"Our new protective coating lasted 620 hours in the standard salt-spray test, compared with 480 hours for the existing finish. That result does not predict the lifespan of every installed part. We are releasing the test protocol and offering evaluation samples to customers whose equipment operates in coastal environments.",linkedin_post,manufacturing,marketing_but_substantive
CBS098,synthetic,"We want a second-hand purchase to feel as easy as a new one. Our resale pilot covers 600 inspected items, each with condition photos and a 14-day return window. Supply is still irregular, but the service has helped us learn which products customers are willing to buy again.",linkedin_post,retail,visionary_startup_claim
CBS099,synthetic,"Our unified visibility platform now shows customs milestones alongside carrier tracking for shipments through Hamburg. It pulls updates from three systems and labels the timestamp of each source. When a feed goes stale for more than four hours, the status changes to unknown instead of showing a confident green check. A few details are easy to miss in a demo. The customs event arrives later than the carrier event on some routes, so the two timestamps should not be treated as a single synchronized clock. The screen shows the source beside every milestone. If a document is missing, the team sees a missing-document state rather than a generic delay. Customers can still call the operations desk; the platform is meant to give them the same information the desk is checking. We are using the pilot to see where that promise breaks down.",linkedin_post,logistics,buzzwords_but_concrete
CBS100,synthetic,"We have been reflecting on what it means to lead through change. The answer is different across teams, but the conversations keep returning to clarity, kindness, and trust. We are taking time to listen before setting a new program in motion, and we appreciate the candor colleagues have shown.",linkedin_post,hr_leadership,vague_but_not_grandiose
CBS101,synthetic,"The company today introduced a private deployment option for its document assistant. Customers can run retrieval and answer generation in a dedicated environment and retain the same citation interface used in the shared service. The initial release supports English documents and limits each indexed collection to 100,000 files. Broader language support is planned after customer testing.",press_release,ai_tech,linkedin_product_launch
CBS102,synthetic,"The latest release adds an event export endpoint for account administrators. Events include sign-in failures, role changes, and token creation, with a default retention period of 90 days. Existing integrations continue to work without changes. The endpoint is available to Enterprise customers from October 1.",product_announcement,software,technical_product_update
CBS103,synthetic,"We believe in a more connected financial future. Our platform combines trusted expertise with flexible technology to help businesses navigate complexity and move forward with confidence. From everyday transactions to long-term decisions, we work alongside customers to support their ambitions as markets evolve.",corporate_website,finance,vague_corporate_speak
CBS104,synthetic,"A company can buy a new planning system without changing a single planning decision. In an eight-week client review, 70% of exceptions still reached the same three executives after the software launch. A better test of transformation is who can resolve a routine exception and how quickly they can do it.",thought_leadership,consulting,consulting_thought_leadership
CBS105,synthetic,The company has commissioned a 12 MW solar installation at its western distribution center. Construction began in February and included the replacement of two roof sections. The site expects to consume most of the electricity generated during daytime operations; the first verified production figures will be released after twelve months.,press_release,energy,highly_concrete
CBS106,synthetic,"Our scheduling service helps clinics offer available appointments to patients on a waiting list. When a slot opens, eligible patients receive a text message and can accept it within a defined window. Clinics set their own eligibility criteria, and patients can opt out of messages at any time.",corporate_website,healthcare,marketing_but_substantive
CBS107,synthetic,"The company unveiled a digital twin initiative at its Brno facility, combining sensor data and production schedules to test line changes before installation. The first use case models a new packing cell for two product sizes. Operators will compare simulated cycle times with actual output during the fourth-quarter pilot.",press_release,manufacturing,buzzwords_but_concrete
CBS108,synthetic,"The retailer will open a smaller-format store in Brighton on November 14. The site will offer its core household range, online order collection, and a repair counter. A full grocery range is not planned for this location. Hiring for the 28 permanent roles begins next week.",corporate_update,retail,neutral_business_update
CBS109,synthetic,"The company announced its ambition to make cross-border freight booking as simple as reserving a seat. Its new portal displays available rail capacity on three routes and provides a price estimate before booking. The service is in a limited pilot, and complex customs requirements still require direct coordination with staff.",press_release,logistics,grandiose_claim
CBS110,synthetic,"Our leadership program brings colleagues from different functions together to discuss how they work and make decisions. Participants share examples from their teams and identify areas where communication could improve. The program is being reviewed after its first year, with changes to follow based on employee feedback.",corporate_website,hr_leadership,vague_but_not_grandiose
CBS111,synthetic,"The startup announced a strategic intelligence fabric designed to orchestrate multi-agent workflows across the enterprise. Its first commercial module summarizes support cases and drafts suggested responses, with human approval required before sending. The company says further modules will connect finance and operations data, pending customer pilots and security review.",press_release,ai_tech,extreme_buzzword_bingo
CBS112,synthetic,"The company reported 18,400 active paid workspaces at the end of June, compared with 16,900 at the end of March. Revenue from existing customers accounted for most of the increase. The figure excludes trial accounts and workspaces with only free seats; the accounting definition is unchanged from the previous quarter.",corporate_update,software,highly_concrete
CBS113,synthetic,"A new adaptive risk dashboard shows merchants the reasons for a held payout. It groups holds by verification issue, chargeback exposure, or missing bank information and links to the required action. The dashboard does not make automated release decisions. It is available in the UK and Ireland at launch.",product_announcement,finance,buzzwords_but_concrete
CBS114,synthetic,"We bring bold thinking and deep collaboration to the challenges that matter most. Our people connect strategy, technology, and human insight to help clients turn uncertainty into opportunity. Together, we build resilient organizations prepared to lead through change and shape what comes next.",corporate_website,consulting,vague_corporate_speak
CBS115,synthetic,The company completed its first year of operating a neighborhood battery in Bristol. The unit discharged on 214 evenings and was unavailable for seven days of scheduled maintenance. Detailed revenue and emissions estimates will follow an independent review; preliminary figures should not be treated as final project returns.,corporate_update,energy,marketing_but_substantive
CBS116,synthetic,The organization set out a long-term goal of making specialist advice available in every rural clinic it serves. It is starting with a teleconsultation pilot at four sites and training 26 staff members on the referral workflow. Patient outcomes will be monitored over the first year before a wider rollout is considered.,press_release,healthcare,grandiose_without_buzzwords
CBS117,synthetic,The revised pump controller supports remote firmware updates and a local rollback option. Service technicians can review the firmware version and update history from the maintenance panel. The release is compatible with controllers shipped since 2022; older units will continue to receive security fixes through their existing service agreement.,corporate_website,manufacturing,technical_product_update
CBS118,synthetic,"The retailer introduced reusable shipping bags for selected online orders. Customers can return the bag at participating stores, where it will be inspected and reused if undamaged. The first phase covers two fulfillment centers and approximately 40,000 orders. A life-cycle assessment is underway to test the environmental benefit.",press_release,retail,marketing_but_substantive
CBS119,synthetic,The operator added two weekly departures on its Lyon–Milan intermodal service. Each train has capacity for 36 standard containers and is scheduled to arrive the next morning. The new timetable begins October 12. Customers can request space through the existing booking channel; pricing varies by contract.,corporate_update,logistics,highly_concrete
CBS120,synthetic,"Organizations often describe change as a destination. In practice, it consists of conversations, decisions, and small adjustments made over time. Leaders can create the conditions for those choices by listening carefully, explaining tradeoffs, and making space for colleagues to raise concerns early.",thought_leadership,hr_leadership,vague_but_not_grandiose
CBS121,synthetic,"The company says its new planning assistant could eventually make annual budget cycles obsolete. At launch, the product imports monthly actuals, displays assumptions, and drafts variance explanations for finance teams. Customers must review every suggestion before it enters a board report. The company is conducting a six-month evaluation with five organizations.",product_announcement,ai_tech,grandiose_claim
CBS122,synthetic,"The service status page now separates scheduled maintenance from unexpected incidents. Each incident includes start and end times, the affected region, and a link to a follow-up when available. Customers can subscribe to email notifications for individual services without changing their account preferences elsewhere.",corporate_website,software,neutral_business_update
CBS123,synthetic,"The lender announced a £45 million extension of its warehouse funding facility. The additional capital will support loans originated under the same eligibility rules as the existing program. The company said its average loan size in the previous quarter was £18,200 and that delinquency figures will be published with its annual accounts.",press_release,finance,highly_concrete
CBS124,synthetic,"The chief executive said that advice should be judged by what a client can run after the consultants leave. Beginning next year, each project team will produce an operational handover plan and name the client owners of key decisions. The company will report adoption rates across its first ten participating engagements.",executive_statement,consulting,grandiose_without_buzzwords
CBS125,synthetic,"Our energy solutions unite innovation, partnership, and purpose to power progress for communities and businesses. We are committed to a more resilient future through an integrated approach that connects expertise across the value chain. Together with our partners, we continue to unlock new possibilities for a cleaner tomorrow.",corporate_website,energy,vague_corporate_speak
CBS126,synthetic,The brand announced that it wants all of its packaging to be reusable or recyclable by 2032. Its first change replaces the plastic tray in two products with folded paperboard. The company has not yet published a full materials audit and will report annual progress against the target starting next year.,corporate_update,retail,grandiose_without_buzzwords
CBS127,real,"#Agentforce World Tour is coming to NYC! Experience the groundbreaking AI innovation of Agentforce, hot on the heels of Dreamforce.",linkedin_post,ai_tech,buzzwords_but_concrete
CBS128,real,"Do what you do best. Let agents do the rest. Introducing Agentforce, a suite of limitlessly buildable and customizable autonomous AI agents",linkedin_post,ai_tech,grandiose_claim
CBS129,real,"Big news from the Big Apple. Today during NY Tech Week, we launched watsonx AI Labs at One Madison in Manhattan.",linkedin_post,ai_tech,linkedin_company_update
CBS130,real,"Announcing NVIDIA Project DIGITS, a personal AI supercomputer that’s powered by the NVIDIA GB10 Superchip and based on #NVIDIAGraceBlackwell architecture.",linkedin_post,ai_tech,technical_product_update
CBS131,real,"We’re investing over €200+ million to build a factory of the future in Amberg, Germany 🏭 The extensive renewal of our existing site",linkedin_post,manufacturing,buzzwords_but_concrete
CBS132,real,"Our expertise in warehousing, transportation, distribution, inventory management and order fulfilment services can enhance your supply chain operations.",linkedin_post,logistics,marketing_but_substantive
CBS133,real,Working with patient organizations ensures their voices shape key decisions across a medicine’s life cycle.,linkedin_post,healthcare,vague_but_not_grandiose
CBS134,real,"Underlying sales grew 4.1%, driven by a third consecutive quarter of positive, improving volume growth. Our Power Brands performed strongly with 5.7% underlying sales growth",linkedin_post,retail,highly_concrete
CBS135,real,"Today we welcomed experts, partners, suppliers, challengers and friends to learn more about an important shift in Unilever’s approach to sustainability.",linkedin_post,sustainability,executive_vision_post
CBS136,real,"Wondering what we’ve been up to since July? Our Q3 #MissionUpdate is here! We’ve been busy cutting #fees, growing in Asia,",linkedin_post,finance,linkedin_company_update
CBS137,real,"Earlier this week, we shared more than 40 upgrades to Stripe. You can now launch your own stablecoin, use our new agentic commerce tools",linkedin_post,finance,linkedin_product_launch
CBS138,real,"From generative AI’s game-changing impact to leadership’s power to spark transformation, 2024 was a year of growth and reinvention.",linkedin_post,consulting,consulting_thought_leadership
CBS139,real,Traditional leadership strategies are no longer effective in today's volatile work climate. The role of leaders continues to be tested as societal and business shifts,linkedin_post,consulting,vague_corporate_speak
CBS140,real,Introducing #DBRX: a new general-purpose LLM that sets a new standard for efficient open source models.,linkedin_post,ai_tech,buzzwords_but_concrete
CBS141,real,Today we’re expanding Microsoft 365 Copilot with the addition of Anthropic’s Claude models. Customers can now use both OpenAI and Claude,linkedin_post,software,technical_product_update
CBS142,real,Gemini 1.5 Flash (public preview) is a natively multimodal model that offers our groundbreaking context window of 1 million tokens,linkedin_post,ai_tech,technical_product_update
CBS143,real,"Today, we announced that Amazon Bedrock is now generally available in the AWS Europe (Paris) Region.",linkedin_post,ai_tech,neutral_business_update
CBS144,real,The wind turbines we produced in 2024 are expected to prevent about 455 million tonnes of CO2 emissions over their lifetime.,linkedin_post,energy,grandiose_claim
CBS145,real,"Our pilot project was successful, contributing to a 38% GHG emission reduction compared to using a Jet-A1 fuel powered helicopter.",linkedin_post,energy,highly_concrete
CBS146,real,"A new firm offshore wind order! We've secured an order for the 900 MW Nordseecluster B project in Germany, from RWE.",linkedin_post,energy,highly_concrete
CBS147,real,Volvo FH Electric wins “Truck of the Year 2024”! For the first time ever the jury has awarded the title to a fully electric truck,linkedin_post,logistics,linkedin_company_update
CBS148,real,"3.7 GW. That's our total announced firm order intake in Q3 2024. With 24 orders in 14 countries across six continents,",linkedin_post,energy,highly_concrete
CBS149,real,"From scientific milestones and major acquisitions to investments that further strengthen our pipeline and manufacturing capabilities, 2025 was about making purposeful progress",linkedin_post,healthcare,vague_but_not_grandiose
CBS150,real,"In #healthcare AI, the gaps are clear: A trust gap between clinicians and patients A tech gap between what’s possible and what’s adopted",linkedin_post,healthcare,consulting_thought_leadership
CBS151,real,"Today, we announce that Danny Bar-Zohar, our Global Head of Research & Development and Chief Medical Officer, will become Chief Executive Officer",linkedin_post,healthcare,neutral_business_update
CBS152,real,"35,550 pre-loved IKEA products were bought and resold in our Buy Back service 🌟 35 permanent hires were made through our Refugee Workforce Inclusion program",linkedin_post,retail,highly_concrete
CBS153,real,"In 2024, we generated an organic sales increase of 7%, to 8.5 billion euros, enabling us to play a major role",linkedin_post,healthcare,highly_concrete
CBS154,real,Looking for a job in 2025? You’re not alone... Nearly 60% of people are thinking about making a change.,linkedin_post,hr_leadership,marketing_but_substantive
CBS155,real,"We've written up our initial report of yesterday's us-east-1 outage. The ""life of a request"" section gives you the POV of a single request",linkedin_post,software,neutral_business_update
CBS156,real,"In making business decisions, I’ve been increasingly asking myself what would it mean to operate the company as if we had started in 2025",linkedin_post,ai_tech,executive_vision_post
CBS157,real,"We’re thrilled to announce that Canva’s CEO, Melanie Perkins, will be joining Mary Meeker, General Partner at BOND, for a keynote",linkedin_post,software,linkedin_company_update
CBS158,real,"In a world where AI agents are starting to work together, collaboration isn’t just important—it’s essential. As companies rethink how they operate",linkedin_post,consulting,vague_corporate_speak
CBS159,real,"Collaborating with leading tech innovators, such as Anthropic, AWS, Google, IBM, Microsoft, OpenAI, Salesforce, and SAP",linkedin_post,consulting,linkedin_company_update
CBS160,real,"As we enter into 2025, AI and new digital solutions are rapidly expanding possibilities and reshaping the health care landscape in three key ways:",linkedin_post,healthcare,vague_corporate_speak
CBS161,real,More people are starting businesses: 7x more people made their first sale on Shopify in 2025 than in 2018.,linkedin_post,retail,buzzwords_but_concrete
CBS162,real,"Big news! Zoom AI Companion is the 2025 Newsweek AI Impact Award winner for AI Workplace: Best Outcomes, Digital Workspaces",linkedin_post,software,marketing_but_substantive
CBS163,real,"Remember when finance teams had to manually reconcile books, chase receipts, deal with messy vendor docs, and verify mileage claims? Yeah, that was so 2024.",linkedin_post,finance,linkedin_product_launch
CBS164,real,Introducing Atlassian Williams Racing. We're officially partnering with Williams Racing to unleash the power of teamwork—together.,linkedin_post,software,vague_corporate_speak
CBS165,real,"30,000+ customers. 200+ new features. $1B+ saved. 10M+ hours of work automated. 2024 was monumental for Ramp.",linkedin_post,finance,marketing_but_substantive
CBS166,real,One of my favorite new capabilities in Zoom AI Companion is its power to schedule multiple meetings in a single command.,linkedin_post,software,technical_product_update
CBS167,real,"GPT‑5 is significantly less likely to hallucinate than our previous models. With web search enabled on anonymized prompts representative of ChatGPT production traffic,",product_announcement,ai_tech,marketing_but_substantive
CBS168,real,"Claude Opus 4 is our most powerful model yet and the best coding model in the world, leading on SWE-bench (72.5%) and Terminal-bench (43.2%).",product_announcement,ai_tech,buzzwords_but_concrete
CBS169,real,This footprint expansion translates to nearly 300 new jobs with more to come across the company’s regional supply chains.,press_release,manufacturing,highly_concrete
CBS170,real,"Led by strong momentum in Germany, Vestas’ +7MW wind turbines, consisting of the V162-7.2 MW and V172-7.2 MW, has surpassed 1 GW",press_release,energy,highly_concrete
CBS171,real,"The vessel, named Albert Maersk, is the eleventh vessel in Maersk’s fleet capable of operating on methanol.",press_release,logistics,highly_concrete
CBS172,real,Wise is relocating its offices in London and Tallinn while expanding its hubs in Austin and Singapore,press_release,finance,neutral_business_update
CBS173,real,"Agentforce digital labor platform includes new pre-built Agentforce skills for retailers that assist with tasks across order management, guided shopping, appointment scheduling, and loyalty programs",press_release,retail,buzzwords_but_concrete
CBS174,real,"Merchants get the familiar “authorize now, capture later” flexibility of credit cards, with the speed and global reach of stablecoins.",product_announcement,finance,technical_product_update
CBS175,real,Microsoft will also support the country’s long-term competitiveness by training 10 million people over the next five years with AI skills,press_release,ai_tech,highly_concrete
CBS176,real,"In financial year 2025 (FY25), this contributed to a 3% increase in both sales volumes and customers.",corporate_website,retail,highly_concrete
CBS177,real,"Sales growth driven by continued strong performance from Kisqali (+64% cc), Entresto (+22% cc), Kesimpta (+33% cc), Scemblix (+79% cc)",press_release,healthcare,highly_concrete
CBS178,real,"Walmart is excited to announce a comprehensive brand refresh that reflects its evolution as a people-led, tech-powered omnichannel retailer.",press_release,retail,vague_corporate_speak
CBS179,real,"We’re introducing new `gpt-4o-transcribe` and `gpt-4o-mini-transcribe` models with improvements to word error rate and better language recognition and accuracy,",product_announcement,ai_tech,technical_product_update
CBS180,real,We’re releasing gpt-oss-120b and gpt-oss-20b—two state-of-the-art open-weight language models that deliver strong real-world performance at low cost.,product_announcement,ai_tech,marketing_but_substantive
